BOROUGH,IS_CENTRAL_LONDON,LONDON_REGION,YEAR,QUARTER,YEAR_QUARTER,QUARTER_START_DATE,TRANSACTIONS,AVG_PRICE,MEDIAN_PRICE,MIN_PRICE,MAX_PRICE,PRICE_STDDEV,PRICE_VOLATILITY_RATIO
Barnet,FALSE,North London,2021,1,2021-Q1,2021-01-01,656,710403,575000,1000,13359279,827325,1.165
Barnet,FALSE,North West London,2021,1,2021-Q1,2021-01-01,781,639500,525000,500,6460000,500821,0.783
Barnet,FALSE,North London,2021,2,2021-Q2,2021-04-01,767,717327,550000,4000,7600000,688215,0.959
Barnet,FALSE,North West London,2021,2,2021-Q2,2021-04-01,1125,661070,500000,500,24500000,985807,1.491
Barnet,FALSE,North London,2021,3,2021-Q3,2021-07-01,386,988463,576250,1000,22000000,2190563,2.216
Barnet,FALSE,North West London,2021,3,2021-Q3,2021-07-01,542,641067,522177,1000,7250000,565030,0.881
Barnet,FALSE,North London,2021,4,2021-Q4,2021-10-01,357,982532,615000,1000,45326210,2628550,2.675
Barnet,FALSE,North West London,2021,4,2021-Q4,2021-10-01,564,742072,498815,500,11807869,1270468,1.712
Barnet,FALSE,North London,2022,1,2022-Q1,2022-01-01,446,863416,572000,7000,35100000,2214627,2.565
Barnet,FALSE,North West London,2022,1,2022-Q1,2022-01-01,542,741193,570500,1000,10100000,750394,1.012
Barnet,FALSE,North West London,2022,2,2022-Q2,2022-04-01,650,760202,555820,10000,17620000,1080020,1.421
Barnet,FALSE,North London,2022,2,2022-Q2,2022-04-01,471,846298,585000,100,11800000,1142750,1.35
Barnet,FALSE,North London,2022,3,2022-Q3,2022-07-01,464,771417,600000,1363,6500000,624441,0.809
Barnet,FALSE,North West London,2022,3,2022-Q3,2022-07-01,578,893212,585000,5000,19680000,1629425,1.824
Barnet,FALSE,North West London,2022,4,2022-Q4,2022-10-01,592,708440,505000,1500,7000000,671986,0.949
Barnet,FALSE,North London,2022,4,2022-Q4,2022-10-01,472,869390,600000,10000,9500000,940061,1.081
Barnet,FALSE,North London,2023,1,2023-Q1,2023-01-01,387,895492,540000,100,37000000,2121926,2.37
Barnet,FALSE,North West London,2023,1,2023-Q1,2023-01-01,443,691899,545000,9900,6350000,562303,0.813
Barnet,FALSE,North West London,2023,2,2023-Q2,2023-04-01,462,678012,511025,1637,10350000,786747,1.16
Barnet,FALSE,North London,2023,2,2023-Q2,2023-04-01,296,903121,558500,100,18000000,1562396,1.73
Barnet,FALSE,North London,2023,3,2023-Q3,2023-07-01,399,731318,575000,2000,10300000,687421,0.94
Barnet,FALSE,North West London,2023,3,2023-Q3,2023-07-01,440,745311,541500,2000,9825000,768556,1.031
Barnet,FALSE,North West London,2023,4,2023-Q4,2023-10-01,424,918615,550000,5000,22186587,1895123,2.063
Barnet,FALSE,North London,2023,4,2023-Q4,2023-10-01,396,1102157,566250,1000,99000000,5034415,4.568
Barnet,FALSE,North West London,2024,1,2024-Q1,2024-01-01,370,783242,545000,1500,30125321,1651031,2.108
Barnet,FALSE,North London,2024,1,2024-Q1,2024-01-01,355,1068147,550000,12500,18300000,2258559,2.114
Barnet,FALSE,North London,2024,2,2024-Q2,2024-04-01,362,797600,600000,1000,11250000,895643,1.123
Barnet,FALSE,North West London,2024,2,2024-Q2,2024-04-01,504,695321,505900,500,16774000,953197,1.371
Barnet,FALSE,North West London,2024,3,2024-Q3,2024-07-01,463,759570,558000,24000,8598573,756093,0.995
Barnet,FALSE,North London,2024,3,2024-Q3,2024-07-01,454,892240,590000,10000,24500000,1498647,1.68
Barnet,FALSE,North London,2024,4,2024-Q4,2024-10-01,438,733829,555000,1000,5800000,619137,0.844
Barnet,FALSE,North West London,2024,4,2024-Q4,2024-10-01,592,754941,480000,5000,37934103,1698307,2.25
Bexley,FALSE,South East London,2021,1,2021-Q1,2021-01-01,87,345080,350000,5000,815000,117980,0.342
Bexley,FALSE,South East London,2021,2,2021-Q2,2021-04-01,113,356515,365000,117000,685000,94399,0.265
Bexley,FALSE,South East London,2021,3,2021-Q3,2021-07-01,68,330185,314750,186000,675000,101695,0.308
Bexley,FALSE,South East London,2021,4,2021-Q4,2021-10-01,52,695960,385000,200000,17000000,2307105,3.315
Bexley,FALSE,South East London,2022,1,2022-Q1,2022-01-01,80,431130,375500,1000,2495000,430276,0.998
Bexley,FALSE,South East London,2022,2,2022-Q2,2022-04-01,100,388631,381500,92000,880000,99756,0.257
Bexley,FALSE,South East London,2022,3,2022-Q3,2022-07-01,83,389754,400000,177000,700000,99175,0.254
Bexley,FALSE,South East London,2022,4,2022-Q4,2022-10-01,134,368996,349000,65000,660000,107842,0.292
Bexley,FALSE,South East London,2023,1,2023-Q1,2023-01-01,84,448342,407500,138000,4844000,502695,1.121
Bexley,FALSE,South East London,2023,2,2023-Q2,2023-04-01,52,425422,366500,1000,1932794,394378,0.927
Bexley,FALSE,South East London,2023,3,2023-Q3,2023-07-01,62,389437,390000,8000,877000,144556,0.371
Bexley,FALSE,South East London,2023,4,2023-Q4,2023-10-01,58,491514,390000,105500,5449994,698805,1.422
Bexley,FALSE,South East London,2024,1,2024-Q1,2024-01-01,58,382677,405000,107500,615000,116909,0.306
Bexley,FALSE,South East London,2024,2,2024-Q2,2024-04-01,46,400250,413500,18000,650000,137765,0.344
Bexley,FALSE,South East London,2024,3,2024-Q3,2024-07-01,61,400428,400000,155000,755000,107834,0.269
Bexley,FALSE,South East London,2024,4,2024-Q4,2024-10-01,73,389703,410000,160000,725000,109776,0.282
Brent,FALSE,North West London,2021,1,2021-Q1,2021-01-01,604,659551,450000,600,55000000,2265251,3.435
Brent,FALSE,North West London,2021,2,2021-Q2,2021-04-01,663,824556,530000,1000,69420000,2911025,3.53
Brent,FALSE,North West London,2021,3,2021-Q3,2021-07-01,363,925077,530000,2400,21000000,1797792,1.943
Brent,FALSE,North West London,2021,4,2021-Q4,2021-10-01,315,1516110,545000,3000,54488984,5750489,3.793
Brent,FALSE,North West London,2022,1,2022-Q1,2022-01-01,401,998454,538000,100,108000000,5558157,5.567
Brent,FALSE,North West London,2022,2,2022-Q2,2022-04-01,448,744336,540000,350,17050000,1142472,1.535
Brent,FALSE,North West London,2022,3,2022-Q3,2022-07-01,480,1160801,570000,1000,117000000,5641762,4.86
Brent,FALSE,North West London,2022,4,2022-Q4,2022-10-01,416,1018099,575000,24000,72100000,3986902,3.916
Brent,FALSE,North West London,2023,1,2023-Q1,2023-01-01,265,861092,503000,5000,25500000,2339659,2.717
Brent,FALSE,North West London,2023,2,2023-Q2,2023-04-01,268,710489,594500,7750,8655000,679214,0.956
Brent,FALSE,North West London,2023,3,2023-Q3,2023-07-01,333,733607,542000,9820,8000000,727574,0.992
Brent,FALSE,North West London,2023,4,2023-Q4,2023-10-01,292,694994,499975,6000,19500000,1242241,1.787
Brent,FALSE,North West London,2024,1,2024-Q1,2024-01-01,284,757488,480000,5000,20112917,1341521,1.771
Brent,FALSE,North West London,2024,2,2024-Q2,2024-04-01,380,760925,520000,1000,20075000,1520197,1.998
Brent,FALSE,North West London,2024,3,2024-Q3,2024-07-01,361,753882,540500,500,12500000,977996,1.297
Brent,FALSE,North West London,2024,4,2024-Q4,2024-10-01,449,757026,540000,5000,22752000,1226977,1.621
Bromley,FALSE,South East London,2021,1,2021-Q1,2021-01-01,146,430841,397750,39999,1817200,211257,0.49
Bromley,FALSE,South East London,2021,2,2021-Q2,2021-04-01,165,429727,406000,1000,1650000,196874,0.458
Bromley,FALSE,South East London,2021,3,2021-Q3,2021-07-01,95,412182,360000,13000,1125000,206383,0.501
Bromley,FALSE,South East London,2021,4,2021-Q4,2021-10-01,89,530261,360000,6000,12375000,1285273,2.424
Bromley,FALSE,South East London,2022,1,2022-Q1,2022-01-01,80,406487,337750,1500,1175000,185915,0.457
Bromley,FALSE,South East London,2022,2,2022-Q2,2022-04-01,88,394187,363000,2125,1050000,185001,0.469
Bromley,FALSE,South East London,2022,3,2022-Q3,2022-07-01,137,462474,382000,110000,2950000,294470,0.637
Bromley,FALSE,South East London,2022,4,2022-Q4,2022-10-01,120,436376,415000,75000,2000000,215140,0.493
Bromley,FALSE,South East London,2023,1,2023-Q1,2023-01-01,88,447484,370000,3500,6539298,687090,1.535
Bromley,FALSE,South East London,2023,2,2023-Q2,2023-04-01,74,410211,364000,16000,2200000,289230,0.705
Bromley,FALSE,South East London,2023,3,2023-Q3,2023-07-01,67,452386,375000,24000,2760000,359961,0.796
Bromley,FALSE,South East London,2023,4,2023-Q4,2023-10-01,103,426242,370000,5000,1250000,235022,0.551
Bromley,FALSE,South East London,2024,1,2024-Q1,2024-01-01,82,434630,395000,100500,990000,177521,0.408
Bromley,FALSE,South East London,2024,2,2024-Q2,2024-04-01,77,444344,400000,87000,2200000,284968,0.641
Bromley,FALSE,South East London,2024,3,2024-Q3,2024-07-01,104,445094,408750,18000,1300000,211061,0.474
Bromley,FALSE,South East London,2024,4,2024-Q4,2024-10-01,88,525613,415000,1000,8700000,899110,1.711
Camden,TRUE,North West London,2021,1,2021-Q1,2021-01-01,878,1192802,730000,1000,20600000,1587315,1.331
Camden,TRUE,North London,2021,1,2021-Q1,2021-01-01,18,3898657,1282500,338000,46600000,10681365,2.74
Camden,TRUE,West Central London,2021,1,2021-Q1,2021-01-01,110,3249550,1047425,5000,98100000,10268557,3.16
Camden,TRUE,North West London,2021,2,2021-Q2,2021-04-01,1145,1273044,710000,243,180000000,5558501,4.366
Camden,TRUE,West Central London,2021,2,2021-Q2,2021-04-01,131,1944854,775000,50000,68062175,6838099,3.516
Camden,TRUE,North London,2021,2,2021-Q2,2021-04-01,13,1891322,1313086,490000,6600000,1733379,0.916
Camden,TRUE,West Central London,2021,3,2021-Q3,2021-07-01,101,2604276,940900,26000,35000000,5702858,2.19
Camden,TRUE,North London,2021,3,2021-Q3,2021-07-01,8,956641,910000,710000,1605625,299034,0.313
Camden,TRUE,North West London,2021,3,2021-Q3,2021-07-01,461,1507274,850000,243,22471910,2491769,1.653
Camden,TRUE,West Central London,2021,4,2021-Q4,2021-10-01,97,1499984,960150,37600,20600000,2329955,1.553
Camden,TRUE,North London,2021,4,2021-Q4,2021-10-01,8,1825363,917000,345000,6150000,2027158,1.111
Camden,TRUE,North West London,2021,4,2021-Q4,2021-10-01,471,1736712,850000,5000,108150187,5440858,3.133
Camden,TRUE,West Central London,2022,1,2022-Q1,2022-01-01,89,3028183,735000,500,120000000,12977605,4.286
Camden,TRUE,North West London,2022,1,2022-Q1,2022-01-01,563,1465951,775000,5000,46393881,2797339,1.908
Camden,TRUE,North London,2022,1,2022-Q1,2022-01-01,8,1319574,965000,336000,3100000,1035607,0.785
Camden,TRUE,North West London,2022,2,2022-Q2,2022-04-01,657,1374387,780000,900,62580000,3003394,2.185
Camden,TRUE,North London,2022,2,2022-Q2,2022-04-01,6,1872648,1272500,710888,4515000,1495665,0.799
Camden,TRUE,West Central London,2022,2,2022-Q2,2022-04-01,82,10582689,820000,23250,429000000,49377496,4.666
Camden,TRUE,North London,2022,3,2022-Q3,2022-07-01,10,2033200,1157500,845000,6910000,1887260,0.928
Camden,TRUE,North West London,2022,3,2022-Q3,2022-07-01,818,1247998,770000,1140,13600000,1482323,1.188
Camden,TRUE,West Central London,2022,3,2022-Q3,2022-07-01,84,2394355,825000,7979,84976000,9340683,3.901
Camden,TRUE,West Central London,2022,4,2022-Q4,2022-10-01,143,1114354,921600,30000,4590000,808834,0.726
Camden,TRUE,North West London,2022,4,2022-Q4,2022-10-01,768,1306365,811026,10500,110000000,4166129,3.189
Camden,TRUE,North London,2022,4,2022-Q4,2022-10-01,4,1489250,968500,220000,3800000,1580564,1.061
Camden,TRUE,North West London,2023,1,2023-Q1,2023-01-01,534,1315825,732500,4000,25689000,2040984,1.551
Camden,TRUE,North London,2023,1,2023-Q1,2023-01-01,7,914429,900000,446000,1550000,427236,0.467
Camden,TRUE,West Central London,2023,1,2023-Q1,2023-01-01,89,2537451,1105000,110000,44000000,5966456,2.351
Camden,TRUE,North London,2023,2,2023-Q2,2023-04-01,4,982250,937500,284000,1770000,787913,0.802
Camden,TRUE,West Central London,2023,2,2023-Q2,2023-04-01,63,1007130,805000,229300,6793860,923895,0.917
Camden,TRUE,North West London,2023,2,2023-Q2,2023-04-01,490,1500169,827500,12000,75000000,3817693,2.545
Camden,TRUE,North West London,2023,3,2023-Q3,2023-07-01,652,1149815,798975,1000,13000000,1188266,1.033
Camden,TRUE,West Central London,2023,3,2023-Q3,2023-07-01,78,2058489,677500,75000,43584000,6172424,2.999
Camden,TRUE,North London,2023,3,2023-Q3,2023-07-01,3,1079667,1200000,304000,1735000,723049,0.67
Camden,TRUE,North London,2023,4,2023-Q4,2023-10-01,97,1217311,1235000,580000,2907000,500888,0.411
Camden,TRUE,West Central London,2023,4,2023-Q4,2023-10-01,162,1493504,1004400,15000,29326704,2802549,1.876
Camden,TRUE,North West London,2023,4,2023-Q4,2023-10-01,580,1347243,750000,8500,64125000,3137471,2.329
Camden,TRUE,North West London,2024,1,2024-Q1,2024-01-01,503,1313202,760000,10000,53000000,2976944,2.267
Camden,TRUE,North London,2024,1,2024-Q1,2024-01-01,11,1278625,1100000,310000,2650000,718939,0.562
Camden,TRUE,West Central London,2024,1,2024-Q1,2024-01-01,117,1479814,880000,73000,20000000,2484567,1.679
Camden,TRUE,West Central London,2024,2,2024-Q2,2024-04-01,64,1277256,893625,200000,6400000,1455270,1.139
Camden,TRUE,North London,2024,2,2024-Q2,2024-04-01,11,1030764,949999,15000,2056400,606135,0.588
Camden,TRUE,North West London,2024,2,2024-Q2,2024-04-01,642,1294178,756113,330,29280000,1996896,1.543
Camden,TRUE,West Central London,2024,3,2024-Q3,2024-07-01,90,1522198,822153,33000,20000000,2714992,1.784
Camden,TRUE,North London,2024,3,2024-Q3,2024-07-01,9,1141667,1175000,45000,1810000,507463,0.444
Camden,TRUE,North West London,2024,3,2024-Q3,2024-07-01,755,1206748,770000,4500,22000000,1669059,1.383
Camden,TRUE,West Central London,2024,4,2024-Q4,2024-10-01,77,2771173,760000,15000,80100000,9673628,3.491
Camden,TRUE,North London,2024,4,2024-Q4,2024-10-01,10,2255505,1652500,373297,6750000,2355100,1.044
Camden,TRUE,North West London,2024,4,2024-Q4,2024-10-01,863,1339310,775000,1500,138900000,4899660,3.658
City of London,TRUE,East Central London,2021,1,2021-Q1,2021-01-01,106,8358543,800000,9900,372600000,40077217,4.795
City of London,TRUE,East Central London,2021,2,2021-Q2,2021-04-01,115,2541786,795000,45000,113000000,10945945,4.306
City of London,TRUE,East Central London,2021,3,2021-Q3,2021-07-01,71,7835030,837000,24999,130500000,26498554,3.382
City of London,TRUE,East Central London,2021,4,2021-Q4,2021-10-01,108,4091939,1126200,7500,52500000,10006135,2.445
City of London,TRUE,East Central London,2022,1,2022-Q1,2022-01-01,85,5165593,850000,17021,150000000,18333384,3.549
City of London,TRUE,East Central London,2022,2,2022-Q2,2022-04-01,111,2896586,955000,39500,54705043,7259767,2.506
City of London,TRUE,East Central London,2022,3,2022-Q3,2022-07-01,103,3689499,850000,1500,191200000,18891608,5.12
City of London,TRUE,East Central London,2022,4,2022-Q4,2022-10-01,77,2214311,1005000,50000,34700000,4571390,2.064
City of London,TRUE,East Central London,2023,1,2023-Q1,2023-01-01,69,8502674,975000,50000,149717670,25970258,3.054
City of London,TRUE,East Central London,2023,2,2023-Q2,2023-04-01,73,4143118,1100000,106000,65000000,11366185,2.743
City of London,TRUE,East Central London,2023,3,2023-Q3,2023-07-01,120,6496814,927500,1000,251000000,26455932,4.072
City of London,TRUE,East Central London,2023,4,2023-Q4,2023-10-01,63,2063528,877319,350000,39000000,5018046,2.432
City of London,TRUE,East Central London,2024,1,2024-Q1,2024-01-01,115,2210466,835000,10000,47959540,5840468,2.642
City of London,TRUE,East Central London,2024,2,2024-Q2,2024-04-01,112,3436686,885000,5000,77350000,10658924,3.102
City of London,TRUE,East Central London,2024,3,2024-Q3,2024-07-01,127,3278367,842000,60000,106198668,10836383,3.305
City of London,TRUE,East Central London,2024,4,2024-Q4,2024-10-01,114,4295648,865000,10000,60000000,8582986,1.998
Croydon,FALSE,South East London,2021,1,2021-Q1,2021-01-01,382,536450,395000,5000,39000000,1988687,3.707
Croydon,FALSE,South East London,2021,2,2021-Q2,2021-04-01,510,456141,421000,1000,2400000,222531,0.488
Croydon,FALSE,South East London,2021,3,2021-Q3,2021-07-01,311,406366,357000,5000,2425000,239527,0.589
Croydon,FALSE,South East London,2021,4,2021-Q4,2021-10-01,261,394563,335000,3000,5501990,382649,0.97
Croydon,FALSE,South East London,2022,1,2022-Q1,2022-01-01,271,379206,356196,7000,1280000,174905,0.461
Croydon,FALSE,South East London,2022,2,2022-Q2,2022-04-01,249,442113,386000,7000,2250000,281949,0.638
Croydon,FALSE,South East London,2022,3,2022-Q3,2022-07-01,344,451456,420000,12570,2225000,237873,0.527
Croydon,FALSE,South East London,2022,4,2022-Q4,2022-10-01,319,444194,370000,25000,3700000,332624,0.749
Croydon,FALSE,South East London,2023,1,2023-Q1,2023-01-01,237,402166,354000,5000,3900000,289942,0.721
Croydon,FALSE,South East London,2023,2,2023-Q2,2023-04-01,207,426969,390000,17500,1840000,241287,0.565
Croydon,FALSE,South East London,2023,3,2023-Q3,2023-07-01,278,475473,395000,20000,4150000,419578,0.882
Croydon,FALSE,South East London,2023,4,2023-Q4,2023-10-01,244,412101,369200,10000,1950000,247754,0.601
Croydon,FALSE,South East London,2024,1,2024-Q1,2024-01-01,192,454742,395000,14000,1900000,304644,0.67
Croydon,FALSE,South East London,2024,2,2024-Q2,2024-04-01,225,418322,372000,100,3150000,276207,0.66
Croydon,FALSE,South East London,2024,3,2024-Q3,2024-07-01,268,434379,400000,1000,2115000,247190,0.569
Croydon,FALSE,South East London,2024,4,2024-Q4,2024-10-01,271,429631,411000,1500,1265000,209166,0.487
Ealing,FALSE,West London,2021,1,2021-Q1,2021-01-01,775,730594,595000,2501,33700000,1305033,1.786
Ealing,FALSE,West London,2021,2,2021-Q2,2021-04-01,1137,651140,550000,3000,6300000,444808,0.683
Ealing,FALSE,West London,2021,3,2021-Q3,2021-07-01,617,650294,550000,8000,7000000,537528,0.827
Ealing,FALSE,West London,2021,4,2021-Q4,2021-10-01,550,840871,550000,500,42000000,2105551,2.504
Ealing,FALSE,West London,2022,1,2022-Q1,2022-01-01,614,674996,570000,4500,3500000,457281,0.677
Ealing,FALSE,West London,2022,2,2022-Q2,2022-04-01,626,717703,560000,250,22800000,1016401,1.416
Ealing,FALSE,West London,2022,3,2022-Q3,2022-07-01,780,729522,600000,3000,22450000,913330,1.252
Ealing,FALSE,West London,2022,4,2022-Q4,2022-10-01,964,659193,550000,5000,7850000,540334,0.82
Ealing,FALSE,West London,2023,1,2023-Q1,2023-01-01,579,617065,530000,10000,7500000,474987,0.77
Ealing,FALSE,West London,2023,2,2023-Q2,2023-04-01,462,1132361,568125,5755,110000000,6605122,5.833
Ealing,FALSE,West London,2023,3,2023-Q3,2023-07-01,762,673572,563500,2500,4470754,467740,0.694
Ealing,FALSE,West London,2023,4,2023-Q4,2023-10-01,548,701498,562500,12000,20000000,935216,1.333
Ealing,FALSE,West London,2024,1,2024-Q1,2024-01-01,480,731601,525000,5000,30994123,1485665,2.031
Ealing,FALSE,West London,2024,2,2024-Q2,2024-04-01,612,663207,494738,14035,4250000,493920,0.745
Ealing,FALSE,West London,2024,3,2024-Q3,2024-07-01,669,816086,620000,19500,37220000,1533715,1.879
Ealing,FALSE,West London,2024,4,2024-Q4,2024-10-01,687,751731,590000,1400,19131856,959615,1.277
Enfield,FALSE,North London,2021,1,2021-Q1,2021-01-01,622,512608,440050,1750,1625000,263343,0.514
Enfield,FALSE,North London,2021,2,2021-Q2,2021-04-01,728,525604,446250,100,3400000,291459,0.555
Enfield,FALSE,North London,2021,3,2021-Q3,2021-07-01,423,710274,450000,1000,21748000,1822368,2.566
Enfield,FALSE,North London,2021,4,2021-Q4,2021-10-01,391,635258,440000,2000,36775000,1912624,3.011
Enfield,FALSE,North London,2022,1,2022-Q1,2022-01-01,422,542611,433500,1000,7200000,486360,0.896
Enfield,FALSE,North London,2022,2,2022-Q2,2022-04-01,450,543579,439479,3135,4250000,377620,0.695
Enfield,FALSE,North London,2022,3,2022-Q3,2022-07-01,437,584262,470000,7646,5100000,430668,0.737
Enfield,FALSE,North London,2022,4,2022-Q4,2022-10-01,478,637672,452500,1000,35881815,1652805,2.592
Enfield,FALSE,North London,2023,1,2023-Q1,2023-01-01,346,533722,436250,10000,5500000,410917,0.77
Enfield,FALSE,North London,2023,2,2023-Q2,2023-04-01,276,982655,460000,5000,79300000,5360262,5.455
Enfield,FALSE,North London,2023,3,2023-Q3,2023-07-01,367,564040,467000,1500,3700000,385816,0.684
Enfield,FALSE,North London,2023,4,2023-Q4,2023-10-01,373,544531,440000,6000,7249994,468483,0.86
Enfield,FALSE,North London,2024,1,2024-Q1,2024-01-01,338,536798,420000,100,9050000,634340,1.182
Enfield,FALSE,North London,2024,2,2024-Q2,2024-04-01,355,552324,440000,5000,10925000,713050,1.291
Enfield,FALSE,North London,2024,3,2024-Q3,2024-07-01,452,555052,465000,250,2600000,306647,0.552
Enfield,FALSE,North London,2024,4,2024-Q4,2024-10-01,419,530038,450000,75000,2900000,299973,0.566
Greenwich,FALSE,South East London,2021,1,2021-Q1,2021-01-01,1214,547967,449999,4100,21812419,828823,1.513
Greenwich,FALSE,South East London,2021,2,2021-Q2,2021-04-01,1675,505479,440000,1000,3415000,291064,0.576
Greenwich,FALSE,South East London,2021,3,2021-Q3,2021-07-01,912,562068,425000,10000,45255980,1576104,2.804
Greenwich,FALSE,South East London,2021,4,2021-Q4,2021-10-01,815,553699,440000,1000,32500000,1217184,2.198
Greenwich,FALSE,South East London,2022,1,2022-Q1,2022-01-01,930,571039,475250,100,5149640,424387,0.743
Greenwich,FALSE,South East London,2022,2,2022-Q2,2022-04-01,926,669024,470000,4000,49300000,2351120,3.514
Greenwich,FALSE,South East London,2022,3,2022-Q3,2022-07-01,1148,604255,485000,1000,37000000,1217465,2.015
Greenwich,FALSE,South East London,2022,4,2022-Q4,2022-10-01,957,513512,468000,350,3870000,307540,0.599
Greenwich,FALSE,South East London,2023,1,2023-Q1,2023-01-01,832,569521,441000,4000,29000000,1281035,2.249
Greenwich,FALSE,South East London,2023,2,2023-Q2,2023-04-01,681,492435,415000,10000,9021069,564463,1.146
Greenwich,FALSE,South East London,2023,3,2023-Q3,2023-07-01,800,549815,460000,400,5200000,417619,0.76
Greenwich,FALSE,South East London,2023,4,2023-Q4,2023-10-01,719,524794,425000,100,7072500,564526,1.076
Greenwich,FALSE,South East London,2024,1,2024-Q1,2024-01-01,836,549630,480000,10000,13500000,575309,1.047
Greenwich,FALSE,South East London,2024,2,2024-Q2,2024-04-01,780,595921,440000,1000,20500000,1250363,2.098
Greenwich,FALSE,South East London,2024,3,2024-Q3,2024-07-01,992,599231,459000,1000,29370545,1154190,1.926
Greenwich,FALSE,South East London,2024,4,2024-Q4,2024-10-01,1006,521478,432000,750,18421229,703231,1.349
Hackney,FALSE,East London,2021,1,2021-Q1,2021-01-01,508,644238,552500,100,6500000,450907,0.7
Hackney,FALSE,North London,2021,1,2021-Q1,2021-01-01,262,755386,565750,18325,10990000,821915,1.088
Hackney,FALSE,East Central London,2021,1,2021-Q1,2021-01-01,14,2755793,975000,25000,25000000,6446129,2.339
Hackney,FALSE,East London,2021,2,2021-Q2,2021-04-01,593,647111,540000,1000,4900000,409701,0.633
Hackney,FALSE,North London,2021,2,2021-Q2,2021-04-01,328,663791,525000,18000,1995000,367083,0.553
Hackney,FALSE,East Central London,2021,2,2021-Q2,2021-04-01,154,986115,899828,125000,2744348,339455,0.344
Hackney,FALSE,North London,2021,3,2021-Q3,2021-07-01,138,771179,652500,1000,1990000,445922,0.578
Hackney,FALSE,East London,2021,3,2021-Q3,2021-07-01,293,662555,484563,998,5400000,561777,0.848
Hackney,FALSE,East Central London,2021,3,2021-Q3,2021-07-01,46,2164220,1109325,650000,41900000,6058835,2.8
Hackney,FALSE,East London,2021,4,2021-Q4,2021-10-01,326,623313,563675,5000,2900000,400641,0.643
Hackney,FALSE,East Central London,2021,4,2021-Q4,2021-10-01,23,3863383,1269000,400000,19699999,6185678,1.601
Hackney,FALSE,North London,2021,4,2021-Q4,2021-10-01,127,1109490,620000,12498,49900000,4391679,3.958
Hackney,FALSE,East London,2022,1,2022-Q1,2022-01-01,363,628189,547500,2545,3600000,412655,0.657
Hackney,FALSE,North London,2022,1,2022-Q1,2022-01-01,162,1021976,647928,15161,38795000,3020827,2.956
Hackney,FALSE,East Central London,2022,1,2022-Q1,2022-01-01,18,13089598,1166550,125000,153450000,38029018,2.905
Hackney,FALSE,East London,2022,2,2022-Q2,2022-04-01,307,729363,600000,5570,14900000,914404,1.254
Hackney,FALSE,North London,2022,2,2022-Q2,2022-04-01,165,743002,585000,20000,2430000,442538,0.596
Hackney,FALSE,East Central London,2022,2,2022-Q2,2022-04-01,14,906179,965000,80000,1710000,456615,0.504
Hackney,FALSE,East Central London,2022,3,2022-Q3,2022-07-01,21,5210221,1217130,427500,43450000,12718760,2.441
Hackney,FALSE,North London,2022,3,2022-Q3,2022-07-01,213,896019,630000,40000,7000000,967290,1.08
Hackney,FALSE,East London,2022,3,2022-Q3,2022-07-01,401,704290,551000,14500,9150000,717113,1.018
Hackney,FALSE,East Central London,2022,4,2022-Q4,2022-10-01,24,1752777,1461773,90000,5440000,1364376,0.778
Hackney,FALSE,North London,2022,4,2022-Q4,2022-10-01,194,703975,577500,17500,3000000,421484,0.599
Hackney,FALSE,East London,2022,4,2022-Q4,2022-10-01,344,689468,530000,9250,13593100,842683,1.222
Hackney,FALSE,East London,2023,1,2023-Q1,2023-01-01,292,673141,587500,1200,4450000,467005,0.694
Hackney,FALSE,East Central London,2023,1,2023-Q1,2023-01-01,22,1591677,1305990,248000,6400000,1278228,0.803
Hackney,FALSE,North London,2023,1,2023-Q1,2023-01-01,131,832719,625000,178000,4000000,583003,0.7
Hackney,FALSE,East London,2023,2,2023-Q2,2023-04-01,247,729579,575000,2500,12200000,868226,1.19
Hackney,FALSE,East Central London,2023,2,2023-Q2,2023-04-01,21,1283940,1280000,717661,2295000,331646,0.258
Hackney,FALSE,North London,2023,2,2023-Q2,2023-04-01,111,730536,545000,11000,4000000,539917,0.739
Hackney,FALSE,East Central London,2023,3,2023-Q3,2023-07-01,66,1065204,857800,60000,3425000,578361,0.543
Hackney,FALSE,North London,2023,3,2023-Q3,2023-07-01,171,775783,602000,20000,5900000,600798,0.774
Hackney,FALSE,East London,2023,3,2023-Q3,2023-07-01,308,698095,556000,21000,5000000,512954,0.735
Hackney,FALSE,East London,2023,4,2023-Q4,2023-10-01,327,726073,550000,500,7100000,741617,1.021
Hackney,FALSE,North London,2023,4,2023-Q4,2023-10-01,138,696947,530750,500,3000000,464830,0.667
Hackney,FALSE,East Central London,2023,4,2023-Q4,2023-10-01,42,952880,857450,376093,3375000,471489,0.495
Hackney,FALSE,North London,2024,1,2024-Q1,2024-01-01,168,744253,535000,2000,6900000,747663,1.005
Hackney,FALSE,East London,2024,1,2024-Q1,2024-01-01,270,683902,551000,1000,3650000,496181,0.726
Hackney,FALSE,East Central London,2024,1,2024-Q1,2024-01-01,22,4456998,1200960,300000,69913832,14642787,3.285
Hackney,FALSE,East Central London,2024,2,2024-Q2,2024-04-01,12,3846513,1012250,6500,32524524,9077612,2.36
Hackney,FALSE,East London,2024,2,2024-Q2,2024-04-01,317,718257,625000,500,5750000,498881,0.695
Hackney,FALSE,North London,2024,2,2024-Q2,2024-04-01,170,715509,550000,2000,2700000,435221,0.608
Hackney,FALSE,East London,2024,3,2024-Q3,2024-07-01,322,673435,555000,1000,6700000,548611,0.815
Hackney,FALSE,East Central London,2024,3,2024-Q3,2024-07-01,19,1178804,850000,143750,3275000,936418,0.794
Hackney,FALSE,North London,2024,3,2024-Q3,2024-07-01,175,807763,620000,24550,2750000,507794,0.629
Hackney,FALSE,East London,2024,4,2024-Q4,2024-10-01,359,669849,565250,5000,5300000,515762,0.77
Hackney,FALSE,East Central London,2024,4,2024-Q4,2024-10-01,14,1140113,895000,70000,3800000,936737,0.822
Hackney,FALSE,North London,2024,4,2024-Q4,2024-10-01,174,731180,620000,1000,2560000,427846,0.585
Hammersmith and Fulham,TRUE,South West London,2021,1,2021-Q1,2021-01-01,378,1007300,760000,6500,5000000,746776,0.741
Hammersmith and Fulham,TRUE,West London,2021,1,2021-Q1,2021-01-01,592,1006519,774530,5000,35400000,1735493,1.724
Hammersmith and Fulham,TRUE,West London,2021,2,2021-Q2,2021-04-01,756,915942,695000,1000,26000000,1449746,1.583
Hammersmith and Fulham,TRUE,South West London,2021,2,2021-Q2,2021-04-01,508,1107376,800000,450,48000000,2196152,1.983
Hammersmith and Fulham,TRUE,South West London,2021,3,2021-Q3,2021-07-01,229,1427874,1095000,10000,15597000,1527190,1.07
Hammersmith and Fulham,TRUE,West London,2021,3,2021-Q3,2021-07-01,354,1021144,737500,10000,15500000,1188981,1.164
Hammersmith and Fulham,TRUE,South West London,2021,4,2021-Q4,2021-10-01,263,1256062,890000,10626,9300000,1101516,0.877
Hammersmith and Fulham,TRUE,West London,2021,4,2021-Q4,2021-10-01,420,1023083,717475,1500,20000000,1510292,1.476
Hammersmith and Fulham,TRUE,South West London,2022,1,2022-Q1,2022-01-01,270,1369856,845000,5000,57332100,3687459,2.692
Hammersmith and Fulham,TRUE,West London,2022,1,2022-Q1,2022-01-01,419,1058934,681425,1000,30000000,2010192,1.898
Hammersmith and Fulham,TRUE,South West London,2022,2,2022-Q2,2022-04-01,343,1145355,795000,30000,6000000,849441,0.742
Hammersmith and Fulham,TRUE,West London,2022,2,2022-Q2,2022-04-01,411,1626185,695000,6000,130704089,9095231,5.593
Hammersmith and Fulham,TRUE,South West London,2022,3,2022-Q3,2022-07-01,352,1467268,902500,1000,19525000,1922856,1.311
Hammersmith and Fulham,TRUE,West London,2022,3,2022-Q3,2022-07-01,443,1213904,670000,35000,29000000,2421813,1.995
Hammersmith and Fulham,TRUE,West London,2022,4,2022-Q4,2022-10-01,407,817192,625000,1000,7100000,708589,0.867
Hammersmith and Fulham,TRUE,South West London,2022,4,2022-Q4,2022-10-01,372,1239695,800800,2000,81000000,4213784,3.399
Hammersmith and Fulham,TRUE,South West London,2023,1,2023-Q1,2023-01-01,368,1134789,859200,8000,13780000,986940,0.87
Hammersmith and Fulham,TRUE,West London,2023,1,2023-Q1,2023-01-01,419,1041169,809512,4775,18000000,1260467,1.211
Hammersmith and Fulham,TRUE,West London,2023,2,2023-Q2,2023-04-01,311,1569743,695000,7000,163265000,9416723,5.999
Hammersmith and Fulham,TRUE,South West London,2023,2,2023-Q2,2023-04-01,335,1174956,995000,10000,4650000,783187,0.667
Hammersmith and Fulham,TRUE,West London,2023,3,2023-Q3,2023-07-01,481,1098439,740000,2000,30000000,2077042,1.891
Hammersmith and Fulham,TRUE,South West London,2023,3,2023-Q3,2023-07-01,372,1177609,960000,1500,5500000,827707,0.703
Hammersmith and Fulham,TRUE,South West London,2023,4,2023-Q4,2023-10-01,287,1002244,859200,1000,4500000,618672,0.617
Hammersmith and Fulham,TRUE,West London,2023,4,2023-Q4,2023-10-01,364,1138943,771750,5000,18398859,2168600,1.904
Hammersmith and Fulham,TRUE,West London,2024,1,2024-Q1,2024-01-01,358,952830,745000,1000,11000000,814767,0.855
Hammersmith and Fulham,TRUE,South West London,2024,1,2024-Q1,2024-01-01,341,1218122,967500,15000,10200000,888149,0.729
Hammersmith and Fulham,TRUE,West London,2024,2,2024-Q2,2024-04-01,364,922830,630000,1000,5000000,777051,0.842
Hammersmith and Fulham,TRUE,South West London,2024,2,2024-Q2,2024-04-01,327,1303716,925000,30000,8600000,1012842,0.777
Hammersmith and Fulham,TRUE,South West London,2024,3,2024-Q3,2024-07-01,359,1511617,983000,17856,32150000,2350725,1.555
Hammersmith and Fulham,TRUE,West London,2024,3,2024-Q3,2024-07-01,499,1123398,785000,20938,26708000,1922748,1.712
Hammersmith and Fulham,TRUE,West London,2024,4,2024-Q4,2024-10-01,452,1304677,700000,10000,60000000,3576412,2.741
Hammersmith and Fulham,TRUE,South West London,2024,4,2024-Q4,2024-10-01,337,1166787,830000,1000,21500000,1395156,1.196
Haringey,FALSE,North London,2021,1,2021-Q1,2021-01-01,1434,709453,547100,1000,14250000,834969,1.177
Haringey,FALSE,North London,2021,2,2021-Q2,2021-04-01,1809,674038,535000,100,19763263,725572,1.076
Haringey,FALSE,North London,2021,3,2021-Q3,2021-07-01,790,767490,550000,100,14371617,952306,1.241
Haringey,FALSE,North London,2021,4,2021-Q4,2021-10-01,815,718235,491750,667,21500000,1148180,1.599
Haringey,FALSE,North London,2022,1,2022-Q1,2022-01-01,914,707158,520000,500,27083333,1136141,1.607
Haringey,FALSE,North London,2022,2,2022-Q2,2022-04-01,833,748701,571380,1000,15000000,910269,1.216
Haringey,FALSE,North London,2022,3,2022-Q3,2022-07-01,1160,804253,577900,1000,12000000,1058275,1.316
Haringey,FALSE,North London,2022,4,2022-Q4,2022-10-01,1086,796425,563976,5500,16000000,1244893,1.563
Haringey,FALSE,North London,2023,1,2023-Q1,2023-01-01,849,664103,525000,100,5670000,557674,0.84
Haringey,FALSE,North London,2023,2,2023-Q2,2023-04-01,675,1000328,565000,1000,134500000,5245209,5.243
Haringey,FALSE,North London,2023,3,2023-Q3,2023-07-01,970,687400,544500,1000,5101000,539051,0.784
Haringey,FALSE,North London,2023,4,2023-Q4,2023-10-01,799,725985,505000,5000,23649999,1152131,1.587
Haringey,FALSE,North London,2024,1,2024-Q1,2024-01-01,702,632035,530000,1000,3250000,415875,0.658
Haringey,FALSE,North London,2024,2,2024-Q2,2024-04-01,794,675770,520000,4000,10750000,651849,0.965
Haringey,FALSE,North London,2024,3,2024-Q3,2024-07-01,971,740005,561500,100,11345000,794346,1.073
Haringey,FALSE,North London,2024,4,2024-Q4,2024-10-01,1033,724241,527729,1000,46498235,1543159,2.131
Hounslow,FALSE,West London,2021,1,2021-Q1,2021-01-01,264,933515,765000,1000,4250000,610795,0.654
Hounslow,FALSE,West London,2021,2,2021-Q2,2021-04-01,319,943273,640000,1000,4200000,709742,0.752
Hounslow,FALSE,West London,2021,3,2021-Q3,2021-07-01,169,1382916,900000,7000,54300000,4194064,3.033
Hounslow,FALSE,West London,2021,4,2021-Q4,2021-10-01,126,1030295,949750,5000,3100000,676166,0.656
Hounslow,FALSE,West London,2022,1,2022-Q1,2022-01-01,180,1070376,880000,175000,4600000,768759,0.718
Hounslow,FALSE,West London,2022,2,2022-Q2,2022-04-01,176,1048489,808275,8252,4500000,736522,0.702
Hounslow,FALSE,West London,2022,3,2022-Q3,2022-07-01,258,1188488,928500,10000,8500000,1012466,0.852
Hounslow,FALSE,West London,2022,4,2022-Q4,2022-10-01,187,1062674,860000,173250,5753270,826158,0.777
Hounslow,FALSE,West London,2023,1,2023-Q1,2023-01-01,156,1329996,688250,1000,30765000,2719684,2.045
Hounslow,FALSE,West London,2023,2,2023-Q2,2023-04-01,148,1230839,930000,1000,11900000,1430410,1.162
Hounslow,FALSE,West London,2023,3,2023-Q3,2023-07-01,227,1098941,820000,32172,5580000,885145,0.805
Hounslow,FALSE,West London,2023,4,2023-Q4,2023-10-01,147,1026931,730000,15000,11385387,1193778,1.162
Hounslow,FALSE,West London,2024,1,2024-Q1,2024-01-01,162,1143037,867500,2500,11000000,1140839,0.998
Hounslow,FALSE,West London,2024,2,2024-Q2,2024-04-01,182,1137553,687500,2500,28000000,2185280,1.921
Hounslow,FALSE,West London,2024,3,2024-Q3,2024-07-01,205,1186206,730000,7000,48400000,3385645,2.854
Hounslow,FALSE,West London,2024,4,2024-Q4,2024-10-01,240,951195,800000,15375,7000000,683635,0.719
Islington,TRUE,North London,2021,1,2021-Q1,2021-01-01,717,798777,630000,2482,4750000,589068,0.737
Islington,TRUE,East Central London,2021,1,2021-Q1,2021-01-01,121,1912249,920000,177000,60630000,6416281,3.355
Islington,TRUE,North London,2021,2,2021-Q2,2021-04-01,1057,842185,595000,1000,42000000,1500793,1.782
Islington,TRUE,East Central London,2021,2,2021-Q2,2021-04-01,111,2193502,747000,36000,100000000,10550836,4.81
Islington,TRUE,East Central London,2021,3,2021-Q3,2021-07-01,69,4521480,976500,12500,181500000,21966176,4.858
Islington,TRUE,North London,2021,3,2021-Q3,2021-07-01,472,980510,627500,1000,38000000,1990886,2.03
Islington,TRUE,North London,2021,4,2021-Q4,2021-10-01,441,1214851,670000,1000,25000000,2348308,1.933
Islington,TRUE,East Central London,2021,4,2021-Q4,2021-10-01,47,3052670,920000,187000,30000000,6629462,2.172
Islington,TRUE,North London,2022,1,2022-Q1,2022-01-01,521,1039836,630000,500,38150000,2340737,2.251
Islington,TRUE,East Central London,2022,1,2022-Q1,2022-01-01,56,1844299,836250,50000,20500000,3487434,1.891
Islington,TRUE,North London,2022,2,2022-Q2,2022-04-01,647,868636,625000,1000,17250000,1140013,1.312
Islington,TRUE,East Central London,2022,2,2022-Q2,2022-04-01,75,1962725,800000,20000,28417500,4334542,2.208
Islington,TRUE,North London,2022,3,2022-Q3,2022-07-01,738,1024846,635000,1000,39625000,1979991,1.932
Islington,TRUE,East Central London,2022,3,2022-Q3,2022-07-01,70,1677124,794375,20000,17300000,2956410,1.763
Islington,TRUE,North London,2022,4,2022-Q4,2022-10-01,671,827119,611500,7500,8750000,783965,0.948
Islington,TRUE,East Central London,2022,4,2022-Q4,2022-10-01,63,816814,790000,2000,2400000,415289,0.508
Islington,TRUE,East Central London,2023,1,2023-Q1,2023-01-01,103,911767,875000,30000,6000000,602467,0.661
Islington,TRUE,North London,2023,1,2023-Q1,2023-01-01,436,779285,606500,7500,4000000,552497,0.709
Islington,TRUE,North London,2023,2,2023-Q2,2023-04-01,453,879585,618000,5000,9840000,807976,0.919
Islington,TRUE,East Central London,2023,2,2023-Q2,2023-04-01,92,1601893,909400,129750,48950000,5056960,3.157
Islington,TRUE,East Central London,2023,3,2023-Q3,2023-07-01,93,4239354,960000,75000,249500000,26082611,6.152
Islington,TRUE,North London,2023,3,2023-Q3,2023-07-01,599,998827,675000,6000,56250000,2410640,2.413
Islington,TRUE,North London,2023,4,2023-Q4,2023-10-01,584,942408,625000,200,28779459,1458318,1.547
Islington,TRUE,East Central London,2023,4,2023-Q4,2023-10-01,83,1032035,855000,140000,8495360,1016279,0.985
Islington,TRUE,East Central London,2024,1,2024-Q1,2024-01-01,223,825162,550000,153750,12600000,1152312,1.396
Islington,TRUE,North London,2024,1,2024-Q1,2024-01-01,423,831579,624999,100,7500000,728244,0.876
Islington,TRUE,East Central London,2024,2,2024-Q2,2024-04-01,167,1558145,1010000,217000,51371231,4300876,2.76
Islington,TRUE,North London,2024,2,2024-Q2,2024-04-01,567,895697,650000,1250,10148000,805223,0.899
Islington,TRUE,North London,2024,3,2024-Q3,2024-07-01,617,882483,620000,1,15135162,949628,1.076
Islington,TRUE,East Central London,2024,3,2024-Q3,2024-07-01,135,2171114,900000,154375,101000000,8921167,4.109
Islington,TRUE,North London,2024,4,2024-Q4,2024-10-01,703,824233,620000,9445,6000000,643038,0.78
Islington,TRUE,East Central London,2024,4,2024-Q4,2024-10-01,125,1401819,763500,35000,53030395,4713289,3.362
Kensington and Chelsea,TRUE,South West London,2021,1,2021-Q1,2021-01-01,376,1965870,1182500,5000,18000000,2484001,1.264
Kensington and Chelsea,TRUE,West London,2021,1,2021-Q1,2021-01-01,312,2338329,1087500,2500,28991750,3268516,1.398
Kensington and Chelsea,TRUE,West London,2021,2,2021-Q2,2021-04-01,404,1884498,963000,1500,25000000,2641732,1.402
Kensington and Chelsea,TRUE,South West London,2021,2,2021-Q2,2021-04-01,442,1799061,1037500,1000,23933000,2329217,1.295
Kensington and Chelsea,TRUE,South West London,2021,3,2021-Q3,2021-07-01,274,2657620,1500500,22500,24799999,3163421,1.19
Kensington and Chelsea,TRUE,West London,2021,3,2021-Q3,2021-07-01,234,2982400,1415000,5000,38000000,4106050,1.377
Kensington and Chelsea,TRUE,South West London,2021,4,2021-Q4,2021-10-01,258,2760319,1321000,7000,40500000,5248135,1.901
Kensington and Chelsea,TRUE,West London,2021,4,2021-Q4,2021-10-01,182,2530997,1182800,10000,39000000,3983028,1.574
Kensington and Chelsea,TRUE,South West London,2022,1,2022-Q1,2022-01-01,350,2290567,1400000,3000,22700494,2858380,1.248
Kensington and Chelsea,TRUE,West London,2022,1,2022-Q1,2022-01-01,277,2563262,1250000,100,18000000,3109143,1.213
Kensington and Chelsea,TRUE,West London,2022,2,2022-Q2,2022-04-01,256,2707621,1243750,60000,37500000,4251444,1.57
Kensington and Chelsea,TRUE,South West London,2022,2,2022-Q2,2022-04-01,346,2837111,1362500,6000,186000000,10204630,3.597
Kensington and Chelsea,TRUE,South West London,2022,3,2022-Q3,2022-07-01,395,2539136,1325000,1000,55050000,4211936,1.659
Kensington and Chelsea,TRUE,West London,2022,3,2022-Q3,2022-07-01,306,2877141,1400000,11793,36254000,4061087,1.412
Kensington and Chelsea,TRUE,West London,2022,4,2022-Q4,2022-10-01,252,2508254,1150000,19650,41100000,4090094,1.631
Kensington and Chelsea,TRUE,South West London,2022,4,2022-Q4,2022-10-01,352,2017217,1150000,10500,17400000,2405162,1.192
Kensington and Chelsea,TRUE,South West London,2023,1,2023-Q1,2023-01-01,300,2927743,1312500,5000,73200000,6666392,2.277
Kensington and Chelsea,TRUE,West London,2023,1,2023-Q1,2023-01-01,183,2109006,1075000,100,45000000,4256162,2.018
Kensington and Chelsea,TRUE,West London,2023,2,2023-Q2,2023-04-01,201,2715467,1250000,5500,35000000,4222871,1.555
Kensington and Chelsea,TRUE,South West London,2023,2,2023-Q2,2023-04-01,313,2459407,1295000,1000,36200000,4395438,1.787
Kensington and Chelsea,TRUE,South West London,2023,3,2023-Q3,2023-07-01,373,1922164,1175000,1000,17800000,2296514,1.195
Kensington and Chelsea,TRUE,West London,2023,3,2023-Q3,2023-07-01,221,2350082,1176000,1000,23515937,3411780,1.452
Kensington and Chelsea,TRUE,West London,2023,4,2023-Q4,2023-10-01,224,1993601,995000,14240,29500000,2921832,1.466
Kensington and Chelsea,TRUE,South West London,2023,4,2023-Q4,2023-10-01,299,2546769,1200000,5000,68250000,6134288,2.409
Kensington and Chelsea,TRUE,West London,2024,1,2024-Q1,2024-01-01,206,2671694,1150000,1000,52800000,5130029,1.92
Kensington and Chelsea,TRUE,South West London,2024,1,2024-Q1,2024-01-01,301,2375534,1172000,10000,54080000,4431885,1.866
Kensington and Chelsea,TRUE,South West London,2024,2,2024-Q2,2024-04-01,340,2101918,1206500,27500,26100000,2747164,1.307
Kensington and Chelsea,TRUE,West London,2024,2,2024-Q2,2024-04-01,220,2772685,1142500,30000,41875000,4790000,1.728
Kensington and Chelsea,TRUE,West London,2024,3,2024-Q3,2024-07-01,246,2032206,1122500,1100,21280000,2696690,1.327
Kensington and Chelsea,TRUE,South West London,2024,3,2024-Q3,2024-07-01,352,1926330,1262500,18000,21500000,2198506,1.141
Kensington and Chelsea,TRUE,West London,2024,4,2024-Q4,2024-10-01,247,2104850,1100000,20000,28766888,3065707,1.456
Kensington and Chelsea,TRUE,South West London,2024,4,2024-Q4,2024-10-01,352,1955081,1150000,1000,22100000,2629246,1.345
Lambeth,TRUE,South East London,2021,1,2021-Q1,2021-01-01,274,643642,558000,16286,3300000,417379,0.648
Lambeth,TRUE,South West London,2021,1,2021-Q1,2021-01-01,1327,687439,552000,1250,17027530,929692,1.352
Lambeth,TRUE,South East London,2021,2,2021-Q2,2021-04-01,361,670877,550000,10500,5750000,467254,0.696
Lambeth,TRUE,South West London,2021,2,2021-Q2,2021-04-01,1774,633069,527250,500,17250000,556551,0.879
Lambeth,TRUE,South East London,2021,3,2021-Q3,2021-07-01,179,721833,600000,3000,2750000,502370,0.696
Lambeth,TRUE,South West London,2021,3,2021-Q3,2021-07-01,748,779461,526000,1500,50070000,2107522,2.704
Lambeth,TRUE,South East London,2021,4,2021-Q4,2021-10-01,174,1024547,635000,15000,40251897,3044864,2.972
Lambeth,TRUE,South West London,2021,4,2021-Q4,2021-10-01,692,654968,498750,2000,12130000,779110,1.19
Lambeth,TRUE,South East London,2022,1,2022-Q1,2022-01-01,169,663326,532000,4500,8721189,707362,1.066
Lambeth,TRUE,South West London,2022,1,2022-Q1,2022-01-01,831,952204,520000,5000,44267787,3185345,3.345
Lambeth,TRUE,South West London,2022,2,2022-Q2,2022-04-01,918,636149,525000,100,5225000,479951,0.754
Lambeth,TRUE,South East London,2022,2,2022-Q2,2022-04-01,181,702767,532500,5000,3750000,546485,0.778
Lambeth,TRUE,South East London,2022,3,2022-Q3,2022-07-01,262,728054,550000,120000,3123000,493180,0.677
Lambeth,TRUE,South West London,2022,3,2022-Q3,2022-07-01,1249,788953,575000,1000,33400000,1239525,1.571
Lambeth,TRUE,South East London,2022,4,2022-Q4,2022-10-01,233,668259,540000,18000,3250000,442469,0.662
Lambeth,TRUE,South West London,2022,4,2022-Q4,2022-10-01,1183,790137,590000,200,8720799,696177,0.881
Lambeth,TRUE,South West London,2023,1,2023-Q1,2023-01-01,796,753521,555000,1000,9481660,787215,1.045
Lambeth,TRUE,South East London,2023,1,2023-Q1,2023-01-01,229,893660,589380,4000,20655167,1653496,1.85
Lambeth,TRUE,South West London,2023,2,2023-Q2,2023-04-01,739,743640,545000,1000,12321000,879128,1.182
Lambeth,TRUE,South East London,2023,2,2023-Q2,2023-04-01,135,683060,565000,17500,2775000,474289,0.694
Lambeth,TRUE,South East London,2023,3,2023-Q3,2023-07-01,218,817398,550000,3810,19250000,1356535,1.66
Lambeth,TRUE,South West London,2023,3,2023-Q3,2023-07-01,952,754541,555000,100,17460000,1115917,1.479
Lambeth,TRUE,South West London,2023,4,2023-Q4,2023-10-01,877,748356,515000,1644,34000000,1438581,1.922
Lambeth,TRUE,South East London,2023,4,2023-Q4,2023-10-01,283,687530,603330,12500,11000000,711521,1.035
Lambeth,TRUE,South East London,2024,1,2024-Q1,2024-01-01,164,652631,552063,6000,4000000,435128,0.667
Lambeth,TRUE,South West London,2024,1,2024-Q1,2024-01-01,750,749174,512550,1000,38400000,1720074,2.296
Lambeth,TRUE,South West London,2024,2,2024-Q2,2024-04-01,813,694633,525000,100,9000000,737303,1.061
Lambeth,TRUE,South East London,2024,2,2024-Q2,2024-04-01,219,535464,430000,7000,2200000,397530,0.742
Lambeth,TRUE,South West London,2024,3,2024-Q3,2024-07-01,1065,673069,530000,4000,4481635,484701,0.72
Lambeth,TRUE,South East London,2024,3,2024-Q3,2024-07-01,244,780745,575750,2000,4424999,623931,0.799
Lambeth,TRUE,South West London,2024,4,2024-Q4,2024-10-01,963,748613,540000,2000,34974825,1572166,2.1
Lambeth,TRUE,South East London,2024,4,2024-Q4,2024-10-01,249,829336,600000,5000,20500000,1375826,1.659
Lewisham,FALSE,South East London,2021,1,2021-Q1,2021-01-01,1406,553011,470000,1000,21812419,790365,1.429
Lewisham,FALSE,South East London,2021,2,2021-Q2,2021-04-01,1625,515127,450000,3000,16553700,484309,0.94
Lewisham,FALSE,South East London,2021,3,2021-Q3,2021-07-01,914,584438,435000,6000,38600000,1807257,3.092
Lewisham,FALSE,South East London,2021,4,2021-Q4,2021-10-01,813,659576,430000,1000,99238058,3526358,5.346
Lewisham,FALSE,South East London,2022,1,2022-Q1,2022-01-01,884,500611,434000,4000,4650000,310021,0.619
Lewisham,FALSE,South East London,2022,2,2022-Q2,2022-04-01,1000,724166,456689,3080,37328842,2560514,3.536
Lewisham,FALSE,South East London,2022,3,2022-Q3,2022-07-01,1220,610770,480000,1000,8371700,693891,1.136
Lewisham,FALSE,South East London,2022,4,2022-Q4,2022-10-01,1128,525626,461000,2500,4398790,303590,0.578
Lewisham,FALSE,South East London,2023,1,2023-Q1,2023-01-01,774,498181,438000,1000,6031974,339087,0.681
Lewisham,FALSE,South East London,2023,2,2023-Q2,2023-04-01,612,510893,445000,3000,2866000,310107,0.607
Lewisham,FALSE,South East London,2023,3,2023-Q3,2023-07-01,886,562127,474000,4000,11750000,539757,0.96
Lewisham,FALSE,South East London,2023,4,2023-Q4,2023-10-01,794,501435,430000,2000,8900000,400248,0.798
Lewisham,FALSE,South East London,2024,1,2024-Q1,2024-01-01,699,486648,425000,9000,4000000,310522,0.638
Lewisham,FALSE,South East London,2024,2,2024-Q2,2024-04-01,834,599163,455000,3000,28400000,1210476,2.02
Lewisham,FALSE,South East London,2024,3,2024-Q3,2024-07-01,1046,562119,450000,500,34395912,1093155,1.945
Lewisham,FALSE,South East London,2024,4,2024-Q4,2024-10-01,993,571273,463000,3000,37000000,1197428,2.096
Merton,FALSE,South West London,2021,1,2021-Q1,2021-01-01,688,976851,655000,2000,71500000,2852176,2.92
Merton,FALSE,South West London,2021,2,2021-Q2,2021-04-01,864,898781,625000,7500,14850000,1140041,1.268
Merton,FALSE,South West London,2021,3,2021-Q3,2021-07-01,466,930290,650000,1500,16250000,1155737,1.242
Merton,FALSE,South West London,2021,4,2021-Q4,2021-10-01,410,1122012,710000,3500,34800000,2155219,1.921
Merton,FALSE,South West London,2022,1,2022-Q1,2022-01-01,451,1166692,600000,2100,32350000,3158466,2.707
Merton,FALSE,South West London,2022,2,2022-Q2,2022-04-01,446,912895,632500,35000,7450000,939675,1.029
Merton,FALSE,South West London,2022,3,2022-Q3,2022-07-01,597,984665,685000,11000,15300000,1158059,1.176
Merton,FALSE,South West London,2022,4,2022-Q4,2022-10-01,545,870014,630000,200,8100000,889405,1.022
Merton,FALSE,South West London,2023,1,2023-Q1,2023-01-01,358,887383,589150,150,20819999,1362954,1.536
Merton,FALSE,South West London,2023,2,2023-Q2,2023-04-01,351,876890,620000,14000,9161851,953791,1.088
Merton,FALSE,South West London,2023,3,2023-Q3,2023-07-01,466,919182,625000,14000,20400000,1307336,1.422
Merton,FALSE,South West London,2023,4,2023-Q4,2023-10-01,397,817212,580000,15500,8350000,888362,1.087
Merton,FALSE,South West London,2024,1,2024-Q1,2024-01-01,379,790927,600000,12840,8550000,836041,1.057
Merton,FALSE,South West London,2024,2,2024-Q2,2024-04-01,405,901373,600000,3000,21061182,1380619,1.532
Merton,FALSE,South West London,2024,3,2024-Q3,2024-07-01,520,873903,650000,3000,14677000,965113,1.104
Merton,FALSE,South West London,2024,4,2024-Q4,2024-10-01,479,962617,570000,2000,43080000,2512255,2.61
Newham,FALSE,East London,2021,1,2021-Q1,2021-01-01,1118,512098,430000,1000,21970000,837464,1.635
Newham,FALSE,East London,2021,2,2021-Q2,2021-04-01,1341,610931,418000,1750,90674931,3290507,5.386
Newham,FALSE,East London,2021,3,2021-Q3,2021-07-01,729,431563,400000,1000,8867702,384540,0.891
Newham,FALSE,East London,2021,4,2021-Q4,2021-10-01,668,897343,421500,7500,70867635,4630048,5.16
Newham,FALSE,East London,2022,1,2022-Q1,2022-01-01,780,580950,424500,5000,32350000,1709078,2.942
Newham,FALSE,East London,2022,2,2022-Q2,2022-04-01,905,511505,440000,735,19000000,799267,1.563
Newham,FALSE,East London,2022,3,2022-Q3,2022-07-01,825,473917,435000,1000,11000000,458508,0.967
Newham,FALSE,East London,2022,4,2022-Q4,2022-10-01,880,805087,445000,5000,72350000,4834044,6.004
Newham,FALSE,East London,2023,1,2023-Q1,2023-01-01,693,573491,410000,100,26000000,1637938,2.856
Newham,FALSE,East London,2023,2,2023-Q2,2023-04-01,619,507312,442080,4000,23415000,1027541,2.025
Newham,FALSE,East London,2023,3,2023-Q3,2023-07-01,623,768337,435000,200,70869975,3803351,4.95
Newham,FALSE,East London,2023,4,2023-Q4,2023-10-01,669,426843,400000,800,10080000,528648,1.239
Newham,FALSE,East London,2024,1,2024-Q1,2024-01-01,640,495584,450000,10000,5300000,321751,0.649
Newham,FALSE,East London,2024,2,2024-Q2,2024-04-01,718,468059,443373,1500,4200000,238123,0.509
Newham,FALSE,East London,2024,3,2024-Q3,2024-07-01,806,504166,450000,3000,13000000,508954,1.009
Newham,FALSE,East London,2024,4,2024-Q4,2024-10-01,860,531309,450000,1000,18000000,802792,1.511
Redbridge,FALSE,East London,2021,1,2021-Q1,2021-01-01,132,610200,547500,10000,1500000,256067,0.42
Redbridge,FALSE,East London,2021,2,2021-Q2,2021-04-01,136,558104,506250,20000,1381000,259123,0.464
Redbridge,FALSE,East London,2021,3,2021-Q3,2021-07-01,63,580530,551000,205000,1650000,300176,0.517
Redbridge,FALSE,East London,2021,4,2021-Q4,2021-10-01,78,637003,522500,6000,3700000,512608,0.805
Redbridge,FALSE,East London,2022,1,2022-Q1,2022-01-01,90,607625,505250,15900,1875000,336738,0.554
Redbridge,FALSE,East London,2022,2,2022-Q2,2022-04-01,74,500486,402500,3500,1400000,293712,0.587
Redbridge,FALSE,East London,2022,3,2022-Q3,2022-07-01,90,617287,505000,1000,2350000,386218,0.626
Redbridge,FALSE,East London,2022,4,2022-Q4,2022-10-01,75,654602,450000,1000,6481956,738441,1.128
Redbridge,FALSE,East London,2023,1,2023-Q1,2023-01-01,66,591321,467500,82500,1361300,318746,0.539
Redbridge,FALSE,East London,2023,2,2023-Q2,2023-04-01,63,478191,435000,100000,1100000,215996,0.452
Redbridge,FALSE,East London,2023,3,2023-Q3,2023-07-01,70,591865,512500,5950,1942000,394994,0.667
Redbridge,FALSE,East London,2023,4,2023-Q4,2023-10-01,66,532992,507500,14000,1245000,248056,0.465
Redbridge,FALSE,East London,2024,1,2024-Q1,2024-01-01,62,618988,497500,125000,2425000,377365,0.61
Redbridge,FALSE,East London,2024,2,2024-Q2,2024-04-01,65,610355,482000,102000,1768028,336154,0.551
Redbridge,FALSE,East London,2024,3,2024-Q3,2024-07-01,73,814561,610000,100,8000000,1006453,1.236
Redbridge,FALSE,East London,2024,4,2024-Q4,2024-10-01,122,627942,428500,87500,3450000,538725,0.858
Richmond upon Thames,FALSE,South West London,2021,1,2021-Q1,2021-01-01,196,1264748,1050000,39999,18100000,1439016,1.138
Richmond upon Thames,FALSE,South West London,2021,2,2021-Q2,2021-04-01,236,1210979,950000,207000,6481700,914623,0.755
Richmond upon Thames,FALSE,South West London,2021,3,2021-Q3,2021-07-01,156,1400875,1181000,100000,6700000,1049670,0.749
Richmond upon Thames,FALSE,South West London,2021,4,2021-Q4,2021-10-01,122,1374544,1065000,250,6215000,1102391,0.802
Richmond upon Thames,FALSE,South West London,2022,1,2022-Q1,2022-01-01,126,1203244,972500,17021,4500000,813295,0.676
Richmond upon Thames,FALSE,South West London,2022,2,2022-Q2,2022-04-01,145,1438574,1120000,9800,8500000,1341838,0.933
Richmond upon Thames,FALSE,South West London,2022,3,2022-Q3,2022-07-01,192,1473056,1202500,90000,8850000,1166258,0.792
Richmond upon Thames,FALSE,South West London,2022,4,2022-Q4,2022-10-01,130,1172130,992500,123000,4300000,772971,0.659
Richmond upon Thames,FALSE,South West London,2023,1,2023-Q1,2023-01-01,99,999992,810000,166237,4150000,681293,0.681
Richmond upon Thames,FALSE,South West London,2023,2,2023-Q2,2023-04-01,98,1242537,967500,50000,8750000,1114911,0.897
Richmond upon Thames,FALSE,South West London,2023,3,2023-Q3,2023-07-01,153,1423056,1051000,25000,9802000,1281969,0.901
Richmond upon Thames,FALSE,South West London,2023,4,2023-Q4,2023-10-01,111,1160490,980000,65000,6230000,877862,0.756
Richmond upon Thames,FALSE,South West London,2024,1,2024-Q1,2024-01-01,93,1094839,785000,55000,6500000,1075691,0.983
Richmond upon Thames,FALSE,South West London,2024,2,2024-Q2,2024-04-01,139,1245646,1020000,15000,3950000,820242,0.658
Richmond upon Thames,FALSE,South West London,2024,3,2024-Q3,2024-07-01,175,1381464,1125000,5000,7930000,1218897,0.882
Richmond upon Thames,FALSE,South West London,2024,4,2024-Q4,2024-10-01,145,1184640,1000000,25000,7800000,924156,0.78
Southwark,TRUE,South East London,2021,1,2021-Q1,2021-01-01,1366,1043743,557000,500,136500000,5711698,5.472
Southwark,TRUE,South East London,2021,2,2021-Q2,2021-04-01,1661,720952,544000,1889,44650000,1339816,1.858
Southwark,TRUE,South East London,2021,3,2021-Q3,2021-07-01,869,903075,520000,460,43250000,2336643,2.587
Southwark,TRUE,South East London,2021,4,2021-Q4,2021-10-01,809,1079344,589000,5000,57600000,3745661,3.47
Southwark,TRUE,South East London,2022,1,2022-Q1,2022-01-01,960,995571,550000,500,50232422,3286398,3.301
Southwark,TRUE,South East London,2022,2,2022-Q2,2022-04-01,921,747501,548000,100,25000000,1292300,1.729
Southwark,TRUE,South East London,2022,3,2022-Q3,2022-07-01,1167,867277,555000,1500,63610000,2770100,3.194
Southwark,TRUE,South East London,2022,4,2022-Q4,2022-10-01,1073,853318,555000,2000,62087494,2654018,3.11
Southwark,TRUE,South East London,2023,1,2023-Q1,2023-01-01,779,724252,525000,6000,30000000,1345943,1.858
Southwark,TRUE,South East London,2023,2,2023-Q2,2023-04-01,667,826661,548000,3000,20644205,1390065,1.682
Southwark,TRUE,South East London,2023,3,2023-Q3,2023-07-01,1030,787129,600000,100,20000000,908365,1.154
Southwark,TRUE,South East London,2023,4,2023-Q4,2023-10-01,867,787933,530000,5500,17000000,1214619,1.542
Southwark,TRUE,South East London,2024,1,2024-Q1,2024-01-01,700,746737,536875,1000,18009844,1041675,1.395
Southwark,TRUE,South East London,2024,2,2024-Q2,2024-04-01,1053,763211,580000,500,48268839,2036012,2.668
Southwark,TRUE,South East London,2024,3,2024-Q3,2024-07-01,1118,849750,550000,1999,84500000,2852134,3.356
Southwark,TRUE,South East London,2024,4,2024-Q4,2024-10-01,1041,805207,530000,2500,35000000,1519561,1.887
Tower Hamlets,FALSE,East London,2021,1,2021-Q1,2021-01-01,1700,656633,557535,1000,51000000,1315906,2.004
Tower Hamlets,FALSE,East London,2021,2,2021-Q2,2021-04-01,2180,948134,570860,5000,421364142,9135918,9.636
Tower Hamlets,FALSE,East London,2021,3,2021-Q3,2021-07-01,1206,665683,535220,20000,60000000,1786425,2.684
Tower Hamlets,FALSE,East London,2021,4,2021-Q4,2021-10-01,1021,1334197,555000,5000,185000000,8825119,6.615
Tower Hamlets,FALSE,East London,2022,1,2022-Q1,2022-01-01,1200,794250,567250,14000,45735454,1697954,2.138
Tower Hamlets,FALSE,East London,2022,2,2022-Q2,2022-04-01,1268,713093,510840,150,44100000,1579704,2.215
Tower Hamlets,FALSE,East London,2022,3,2022-Q3,2022-07-01,1508,690303,500000,7500,56580000,1552668,2.249
Tower Hamlets,FALSE,East London,2022,4,2022-Q4,2022-10-01,1126,616687,497000,150,9840000,508622,0.825
Tower Hamlets,FALSE,East London,2023,1,2023-Q1,2023-01-01,840,694896,460000,5000,88399999,3105198,4.469
Tower Hamlets,FALSE,East London,2023,2,2023-Q2,2023-04-01,602,789813,490000,100,82125000,3371959,4.269
Tower Hamlets,FALSE,East London,2023,3,2023-Q3,2023-07-01,1028,780130,524290,5000,110255123,4087424,5.239
Tower Hamlets,FALSE,East London,2023,4,2023-Q4,2023-10-01,840,583809,480000,9000,9000000,568953,0.975
Tower Hamlets,FALSE,East London,2024,1,2024-Q1,2024-01-01,686,1491475,451125,8000,164300000,11323624,7.592
Tower Hamlets,FALSE,East London,2024,2,2024-Q2,2024-04-01,804,754731,500000,950,48600000,2521116,3.34
Tower Hamlets,FALSE,East London,2024,3,2024-Q3,2024-07-01,1086,616366,505000,7500,10500000,640448,1.039
Tower Hamlets,FALSE,East London,2024,4,2024-Q4,2024-10-01,1014,843436,505000,5000,60000000,2827336,3.352
Waltham Forest,FALSE,East London,2021,1,2021-Q1,2021-01-01,1399,529008,490000,100,9500000,383827,0.726
Waltham Forest,FALSE,East London,2021,2,2021-Q2,2021-04-01,1658,554014,485000,100,27887602,887276,1.602
Waltham Forest,FALSE,East London,2021,3,2021-Q3,2021-07-01,848,546394,469000,1000,18591600,829445,1.518
Waltham Forest,FALSE,East London,2021,4,2021-Q4,2021-10-01,839,499921,456000,1000,19500000,720096,1.44
Waltham Forest,FALSE,East London,2022,1,2022-Q1,2022-01-01,840,571971,475000,200,16800000,884557,1.547
Waltham Forest,FALSE,East London,2022,2,2022-Q2,2022-04-01,865,559322,490000,5000,13490000,546721,0.977
Waltham Forest,FALSE,East London,2022,3,2022-Q3,2022-07-01,1006,585037,524000,100,8552745,447030,0.764
Waltham Forest,FALSE,East London,2022,4,2022-Q4,2022-10-01,1083,546205,500000,750,2854000,279005,0.511
Waltham Forest,FALSE,East London,2023,1,2023-Q1,2023-01-01,815,670257,500000,8000,48506533,1980630,2.955
Waltham Forest,FALSE,East London,2023,2,2023-Q2,2023-04-01,592,532568,485000,15000,2700000,255265,0.479
Waltham Forest,FALSE,East London,2023,3,2023-Q3,2023-07-01,869,548298,500000,2000,3962700,299245,0.546
Waltham Forest,FALSE,East London,2023,4,2023-Q4,2023-10-01,805,563778,495000,1000,9900000,473807,0.84
Waltham Forest,FALSE,East London,2024,1,2024-Q1,2024-01-01,654,522895,485000,3495,2400000,261287,0.5
Waltham Forest,FALSE,East London,2024,2,2024-Q2,2024-04-01,825,532551,483750,1000,6955000,386881,0.726
Waltham Forest,FALSE,East London,2024,3,2024-Q3,2024-07-01,934,567109,515000,500,2965000,296580,0.523
Waltham Forest,FALSE,East London,2024,4,2024-Q4,2024-10-01,997,597324,517750,1000,23100000,788169,1.32
Wandsworth,FALSE,South West London,2021,1,2021-Q1,2021-01-01,2072,796821,638878,1250,16900000,728229,0.914
Wandsworth,FALSE,South West London,2021,2,2021-Q2,2021-04-01,2600,848375,630000,100,177445000,3521210,4.151
Wandsworth,FALSE,South West London,2021,3,2021-Q3,2021-07-01,1368,953799,644500,750,41250000,1581513,1.658
Wandsworth,FALSE,South West London,2021,4,2021-Q4,2021-10-01,1301,896578,645400,500,36500000,1502082,1.675
Wandsworth,FALSE,South West London,2022,1,2022-Q1,2022-01-01,1466,918223,703250,1339,28000000,1090285,1.187
Wandsworth,FALSE,South West London,2022,2,2022-Q2,2022-04-01,1804,976510,700000,1750,86075000,2395040,2.453
Wandsworth,FALSE,South West London,2022,3,2022-Q3,2022-07-01,1969,952759,728000,100,10250000,792769,0.832
Wandsworth,FALSE,South West London,2022,4,2022-Q4,2022-10-01,1784,906477,684425,100,72319936,1887711,2.082
Wandsworth,FALSE,South West London,2023,1,2023-Q1,2023-01-01,1158,851919,645000,2000,11000000,826431,0.97
Wandsworth,FALSE,South West London,2023,2,2023-Q2,2023-04-01,1043,830075,648000,1000,8325000,686469,0.827
Wandsworth,FALSE,South West London,2023,3,2023-Q3,2023-07-01,1502,903038,675000,1000,28203000,977916,1.083
Wandsworth,FALSE,South West London,2023,4,2023-Q4,2023-10-01,1306,913047,650000,800,40270000,1670782,1.83
Wandsworth,FALSE,South West London,2024,1,2024-Q1,2024-01-01,1082,859519,640000,240,19588495,887080,1.032
Wandsworth,FALSE,South West London,2024,2,2024-Q2,2024-04-01,1300,850374,650000,4000,22656000,856848,1.008
Wandsworth,FALSE,South West London,2024,3,2024-Q3,2024-07-01,1704,903610,675000,2000,37092000,1236635,1.369
Wandsworth,FALSE,South West London,2024,4,2024-Q4,2024-10-01,1506,821929,625000,1000,32800000,1045343,1.272
Westminster,TRUE,South West London,2021,1,2021-Q1,2021-01-01,223,3212224,1045000,3000,156500000,11122857,3.463
Westminster,TRUE,West Central London,2021,1,2021-Q1,2021-01-01,29,28339233,1885000,52319,96450000,42971145,1.516
Westminster,TRUE,North West London,2021,1,2021-Q1,2021-01-01,132,1776437,884000,215000,12750000,2172417,1.223
Westminster,TRUE,West London,2021,1,2021-Q1,2021-01-01,693,2535162,995000,350,95500000,6941749,2.738
Westminster,TRUE,West Central London,2021,2,2021-Q2,2021-04-01,28,2064689,875000,15500,23999999,4711612,2.282
Westminster,TRUE,South West London,2021,2,2021-Q2,2021-04-01,322,2297408,840408,1400,111000000,7984242,3.475
Westminster,TRUE,North West London,2021,2,2021-Q2,2021-04-01,170,1514441,705000,20000,17950000,2096106,1.384
Westminster,TRUE,West London,2021,2,2021-Q2,2021-04-01,765,1591323,830000,10000,134700000,5369005,3.374
Westminster,TRUE,North West London,2021,3,2021-Q3,2021-07-01,87,2352751,875000,3000,29500000,4325119,1.838
Westminster,TRUE,West Central London,2021,3,2021-Q3,2021-07-01,14,11795630,657500,5673,151936612,40352016,3.421
Westminster,TRUE,South West London,2021,3,2021-Q3,2021-07-01,171,5639109,1192500,3000,145500000,20662820,3.664
Westminster,TRUE,West London,2021,3,2021-Q3,2021-07-01,406,2639878,1174000,1000,124910812,7626535,2.889
Westminster,TRUE,West Central London,2021,4,2021-Q4,2021-10-01,25,5528157,1050000,297945,55451320,12007654,2.172
Westminster,TRUE,North West London,2021,4,2021-Q4,2021-10-01,71,2023406,650000,140000,31602320,4294755,2.123
Westminster,TRUE,West London,2021,4,2021-Q4,2021-10-01,471,4242523,1265000,5000,120000000,13223742,3.117
Westminster,TRUE,South West London,2021,4,2021-Q4,2021-10-01,200,3858277,1457500,300,87500000,9484187,2.458
Westminster,TRUE,North West London,2022,1,2022-Q1,2022-01-01,124,1999728,875000,230000,26025000,3231375,1.616
Westminster,TRUE,West Central London,2022,1,2022-Q1,2022-01-01,14,6922615,1187500,480000,63770988,16616696,2.4
Westminster,TRUE,West London,2022,1,2022-Q1,2022-01-01,529,2783000,1061051,100,68000000,6156233,2.212
Westminster,TRUE,South West London,2022,1,2022-Q1,2022-01-01,187,3154712,1300000,19155,33000000,5245685,1.663
Westminster,TRUE,South West London,2022,2,2022-Q2,2022-04-01,314,3585218,1500000,14500,127665000,11779670,3.286
Westminster,TRUE,North West London,2022,2,2022-Q2,2022-04-01,112,2290976,1096250,25000,20000000,3070349,1.34
Westminster,TRUE,West Central London,2022,2,2022-Q2,2022-04-01,14,2769250,1057500,114000,14075000,3918598,1.415
Westminster,TRUE,West London,2022,2,2022-Q2,2022-04-01,498,3525962,940000,4000,121500000,10140289,2.876
Westminster,TRUE,North West London,2022,3,2022-Q3,2022-07-01,149,1399427,975000,20000,8950000,1528007,1.092
Westminster,TRUE,South West London,2022,3,2022-Q3,2022-07-01,272,2410349,1300000,17500,35000000,3490051,1.448
Westminster,TRUE,West Central London,2022,3,2022-Q3,2022-07-01,16,32527142,1725000,770000,281206774,73806106,2.269
Westminster,TRUE,West London,2022,3,2022-Q3,2022-07-01,574,3370678,1093750,1000,164160883,11508900,3.414
Westminster,TRUE,North West London,2022,4,2022-Q4,2022-10-01,202,2209120,1200000,110000,22500000,2805596,1.27
Westminster,TRUE,West Central London,2022,4,2022-Q4,2022-10-01,14,2590250,1591750,600000,13000000,3139803,1.212
Westminster,TRUE,South West London,2022,4,2022-Q4,2022-10-01,248,2922463,1129130,87000,60000000,6628237,2.268
Westminster,TRUE,West London,2022,4,2022-Q4,2022-10-01,584,2005057,952500,1295,36283655,3614260,1.803
Westminster,TRUE,West London,2023,1,2023-Q1,2023-01-01,463,3385550,1100000,10000,140000000,9287725,2.743
Westminster,TRUE,South West London,2023,1,2023-Q1,2023-01-01,291,3354360,1521000,25000,77500000,6759526,2.015
Westminster,TRUE,North West London,2023,1,2023-Q1,2023-01-01,131,1934793,1065000,173000,26000000,3076190,1.59
Westminster,TRUE,West Central London,2023,1,2023-Q1,2023-01-01,22,3846288,1112500,297500,53000000,11031247,2.868
Westminster,TRUE,South West London,2023,2,2023-Q2,2023-04-01,281,2953375,1400000,5000,47500000,4873910,1.65
Westminster,TRUE,West London,2023,2,2023-Q2,2023-04-01,469,4866092,1250000,30000,267500000,22429772,4.609
Westminster,TRUE,West Central London,2023,2,2023-Q2,2023-04-01,22,3154408,975000,30600,40000000,8293954,2.629
Westminster,TRUE,North West London,2023,2,2023-Q2,2023-04-01,84,2558235,1059125,225000,42900000,6524925,2.551
Westminster,TRUE,West Central London,2023,3,2023-Q3,2023-07-01,16,3530387,1220000,100000,19750000,5151515,1.459
Westminster,TRUE,North West London,2023,3,2023-Q3,2023-07-01,85,1716044,759000,12000,11000000,2477580,1.444
Westminster,TRUE,West London,2023,3,2023-Q3,2023-07-01,496,2299233,1063750,2500,76000000,5037211,2.191
Westminster,TRUE,South West London,2023,3,2023-Q3,2023-07-01,264,2322977,1137500,7700,27480000,3485585,1.5
Westminster,TRUE,North West London,2023,4,2023-Q4,2023-10-01,111,1659374,745000,40000,22510000,2703088,1.629
Westminster,TRUE,South West London,2023,4,2023-Q4,2023-10-01,238,4613878,1420000,4000,88115000,9631236,2.087
Westminster,TRUE,West London,2023,4,2023-Q4,2023-10-01,497,2857877,1100000,14999,39000000,4908857,1.718
Westminster,TRUE,West Central London,2023,4,2023-Q4,2023-10-01,20,5651135,1212500,110680,51325000,12272632,2.172
Westminster,TRUE,West Central London,2024,1,2024-Q1,2024-01-01,27,8178606,1022000,65000,74706710,18637321,2.279
Westminster,TRUE,West London,2024,1,2024-Q1,2024-01-01,434,3007868,1105000,10000,74900000,6102686,2.029
Westminster,TRUE,South West London,2024,1,2024-Q1,2024-01-01,198,4670156,1200000,11500,129706651,14134734,3.027
Westminster,TRUE,North West London,2024,1,2024-Q1,2024-01-01,84,1890606,937500,197000,18250000,2574199,1.362
Westminster,TRUE,West Central London,2024,2,2024-Q2,2024-04-01,22,5640720,1684985,96000,44600000,12681658,2.248
Westminster,TRUE,West London,2024,2,2024-Q2,2024-04-01,501,3635251,1000000,17980,90000000,9493325,2.611
Westminster,TRUE,North West London,2024,2,2024-Q2,2024-04-01,98,1830069,905000,220000,15250000,2467854,1.349
Westminster,TRUE,South West London,2024,2,2024-Q2,2024-04-01,176,2681400,1175000,58509,41400000,4899216,1.827
Westminster,TRUE,North West London,2024,3,2024-Q3,2024-07-01,136,1686700,797500,100000,16500000,2272892,1.348
Westminster,TRUE,South West London,2024,3,2024-Q3,2024-07-01,217,2525492,1020000,800,45000000,4976454,1.97
Westminster,TRUE,West London,2024,3,2024-Q3,2024-07-01,532,2561456,997500,2600,80700000,6529227,2.549
Westminster,TRUE,West Central London,2024,3,2024-Q3,2024-07-01,15,4151513,1930000,100000,24750000,6461938,1.557
Westminster,TRUE,West London,2024,4,2024-Q4,2024-10-01,506,2335032,960000,14041,49500000,4555493,1.951
Westminster,TRUE,North West London,2024,4,2024-Q4,2024-10-01,119,1686377,750000,22200,14500000,2265432,1.343
Westminster,TRUE,South West London,2024,4,2024-Q4,2024-10-01,269,3150494,910000,25000,162000000,11225190,3.563
Westminster,TRUE,West Central London,2024,4,2024-Q4,2024-10-01,31,1859103,975000,10000,8100000,2148844,1.156
